numero,fournisseur,montant,date_emission,date_echeance,date_paiement
FF2025100001,Global Import SA,46013.87,2025-10-29,2025-12-13,2025-12-16
FF2025110002,Global Import SA,44340.67,2025-11-24,2026-01-08,2026-01-12
FF2025120003,Global Import SA,44513.22,2025-12-30,2026-02-13,2026-02-17
FF2026010004,Global Import SA,48253.45,2026-01-06,2026-02-20,2026-02-25
FF2026020005,Global Import SA,47265.99,2026-02-15,2026-04-01,2026-04-03
FF2026030006,Global Import SA,42995.80,2026-03-27,2026-05-11,2026-05-16
FF2026040007,Global Import SA,44861.37,2026-04-25,2026-06-09,2026-06-13
FF2026050008,Global Import SA,44458.85,2026-05-08,2026-06-22,2026-06-24
FF2026060009,Global Import SA,42610.44,2026-06-23,2026-08-07,2026-08-09
FF2026070010,Global Import SA,48537.24,2026-07-11,2026-08-25,2026-08-27
FF2026080011,Global Import SA,41857.48,2026-08-03,2026-09-17,2026-09-18
FF2026090012,Global Import SA,41875.25,2026-09-13,2026-10-28,
FF2025100013,Materiel Pro Distribution,29489.21,2025-10-07,2025-11-06,2025-11-06
FF2025110014,Materiel Pro Distribution,29795.55,2025-11-11,2025-12-11,2025-12-15
FF2025120015,Materiel Pro Distribution,31997.35,2025-12-02,2026-01-01,2026-01-02
FF2026010016,Materiel Pro Distribution,32676.37,2026-01-13,2026-02-12,2026-02-16
FF2026020017,Materiel Pro Distribution,29282.29,2026-02-01,2026-03-03,2026-03-07
FF2026030018,Materiel Pro Distribution,28791.68,2026-03-01,2026-03-31,2026-04-02
FF2026040019,Materiel Pro Distribution,30229.32,2026-04-13,2026-05-13,2026-05-16
FF2026050020,Materiel Pro Distribution,31799.21,2026-05-24,2026-06-23,2026-06-27
FF2026060021,Materiel Pro Distribution,29929.38,2026-06-29,2026-07-29,2026-07-30
FF2026070022,Materiel Pro Distribution,29913.85,2026-07-09,2026-08-08,2026-08-11
FF2026080023,Materiel Pro Distribution,31013.24,2026-08-13,2026-09-12,2026-09-14
FF2026090024,Materiel Pro Distribution,31345.09,2026-09-26,2026-10-26,
FF2025100025,Trans Log Express,9755.17,2025-10-27,2025-11-26,2025-11-29
FF2025110026,Trans Log Express,8148.54,2025-11-20,2025-12-20,2025-12-24
FF2025120027,Trans Log Express,9115.91,2025-12-13,2026-01-12,2026-01-16
FF2026010028,Trans Log Express,9256.95,2026-01-01,2026-01-31,2026-01-31
FF2026020029,Trans Log Express,8427.11,2026-02-05,2026-03-07,2026-03-10
FF2026030030,Trans Log Express,8689.23,2026-03-09,2026-04-08,2026-04-11
FF2026040031,Trans Log Express,8707.50,2026-04-15,2026-05-15,2026-05-17
FF2026050032,Trans Log Express,8600.86,2026-05-29,2026-06-28,2026-07-01
FF2026060033,Trans Log Express,8554.09,2026-06-27,2026-07-27,2026-07-30
FF2026070034,Trans Log Express,8134.89,2026-07-03,2026-08-02,2026-08-05
FF2026080035,Trans Log Express,9899.83,2026-08-18,2026-09-17,2026-09-17
FF2026090036,Trans Log Express,9270.26,2026-09-12,2026-10-12,
FF2025100037,EnerFret,2452.33,2025-10-13,2025-11-12,2025-11-12
FF2025100038,EnerFret,2402.65,2025-10-17,2025-11-16,2025-11-17
FF2025110039,EnerFret,2081.80,2025-11-10,2025-12-10,2025-12-11
FF2025110040,EnerFret,2076.48,2025-11-18,2025-12-18,2025-12-23
FF2025120041,EnerFret,2140.31,2025-12-04,2026-01-03,2026-01-08
FF2025120042,EnerFret,2100.51,2025-12-30,2026-01-29,2026-01-31
FF2026010043,EnerFret,2459.12,2026-01-10,2026-02-09,2026-02-10
FF2026010044,EnerFret,2285.41,2026-01-19,2026-02-18,2026-02-18
FF2026020045,EnerFret,2433.61,2026-02-05,2026-03-07,2026-03-12
FF2026020046,EnerFret,2203.49,2026-02-24,2026-03-26,2026-03-29
FF2026030047,EnerFret,2291.44,2026-03-12,2026-04-11,2026-04-11
FF2026030048,EnerFret,2134.28,2026-03-22,2026-04-21,2026-04-26
FF2026040049,EnerFret,2407.63,2026-04-12,2026-05-12,2026-05-14
FF2026040050,EnerFret,2387.49,2026-04-28,2026-05-28,2026-06-01
FF2026050051,EnerFret,2264.74,2026-05-13,2026-06-12,2026-06-14
FF2026050052,EnerFret,2191.76,2026-05-17,2026-06-16,2026-06-21
FF2026060053,EnerFret,2030.69,2026-06-09,2026-07-09,2026-07-11
FF2026060054,EnerFret,2395.05,2026-06-26,2026-07-26,2026-07-29
FF2026070055,EnerFret,2311.01,2026-07-02,2026-08-01,2026-08-03
FF2026070056,EnerFret,2343.29,2026-07-29,2026-08-28,2026-08-31
FF2026080057,EnerFret,2259.79,2026-08-07,2026-09-06,2026-09-11
FF2026080058,EnerFret,2146.54,2026-08-21,2026-09-20,2026-09-25
FF2026090059,EnerFret,2234.19,2026-09-13,2026-10-13,
FF2026090060,EnerFret,2291.61,2026-09-22,2026-10-22,
FF2025100061,Emballages Dupuis,2132.29,2025-10-11,2025-11-10,2025-11-11
FF2025110062,Emballages Dupuis,2152.65,2025-11-03,2025-12-03,2025-12-05
FF2025120063,Emballages Dupuis,2027.94,2025-12-08,2026-01-07,2026-01-10
FF2026010064,Emballages Dupuis,1934.56,2026-01-22,2026-02-21,2026-02-24
FF2026020065,Emballages Dupuis,1872.74,2026-02-16,2026-03-18,2026-03-20
FF2026030066,Emballages Dupuis,2119.13,2026-03-07,2026-04-06,2026-04-08
FF2026040067,Emballages Dupuis,2152.13,2026-04-11,2026-05-11,2026-05-13
FF2026050068,Emballages Dupuis,2022.32,2026-05-23,2026-06-22,2026-06-24
FF2026060069,Emballages Dupuis,1834.25,2026-06-17,2026-07-17,2026-07-18
FF2026070070,Emballages Dupuis,1995.43,2026-07-24,2026-08-23,2026-08-26
FF2026080071,Emballages Dupuis,2076.24,2026-08-25,2026-09-24,2026-09-25
FF2026090072,Emballages Dupuis,1996.33,2026-09-21,2026-10-21,
FF2025100073,Outillage Services,1377.92,2025-10-26,2025-11-25,2025-11-25
FF2025120074,Outillage Services,1557.54,2025-12-08,2026-01-07,2026-01-10
FF2026020075,Outillage Services,1524.47,2026-02-10,2026-03-12,2026-03-17
FF2026040076,Outillage Services,1509.28,2026-04-16,2026-05-16,2026-05-20
FF2026060077,Outillage Services,1515.12,2026-06-14,2026-07-14,2026-07-19
FF2026080078,Outillage Services,1486.12,2026-08-12,2026-09-11,2026-09-16
FF2026089999,Global Import SA,100000.00,2026-08-24,2026-10-08,
