numero,client,montant,date_emission,date_echeance,date_paiement
FC2025100001,Meunier Negoce,15435.06,2025-10-21,2025-11-20,2025-11-22
FC2025110002,Meunier Negoce,16505.34,2025-11-09,2025-12-09,2025-12-12
FC2025120003,Meunier Negoce,18954.18,2025-12-24,2026-01-23,2026-01-25
FC2026010004,Meunier Negoce,15769.47,2026-01-29,2026-02-28,2026-03-06
FC2026020005,Meunier Negoce,15460.90,2026-02-14,2026-03-16,2026-03-18
FC2026030006,Meunier Negoce,18028.92,2026-03-07,2026-04-06,2026-04-09
FC2026040007,Meunier Negoce,16373.72,2026-04-01,2026-05-01,2026-05-07
FC2026050008,Meunier Negoce,18242.68,2026-05-21,2026-06-20,2026-06-27
FC2026060009,Meunier Negoce,18482.03,2026-06-08,2026-07-08,2026-07-21
FC2026070010,Meunier Negoce,19397.56,2026-07-26,2026-08-25,2026-09-14
FC2026080011,Meunier Negoce,17137.35,2026-08-06,2026-09-05,
FC2026090012,Meunier Negoce,20468.95,2026-09-05,2026-10-05,
FC2025100013,Dupont Materiaux,19312.12,2025-10-11,2025-11-10,2025-11-11
FC2025110014,Dupont Materiaux,24293.46,2025-11-04,2025-12-04,2025-12-09
FC2025120015,Dupont Materiaux,24027.05,2025-12-20,2026-01-19,2026-01-23
FC2026010016,Dupont Materiaux,22239.11,2026-01-24,2026-02-23,2026-03-02
FC2026020017,Dupont Materiaux,22343.47,2026-02-13,2026-03-15,2026-03-16
FC2026030018,Dupont Materiaux,22510.52,2026-03-27,2026-04-26,2026-05-01
FC2026040019,Dupont Materiaux,19002.44,2026-04-23,2026-05-23,2026-05-24
FC2026050020,Dupont Materiaux,25202.46,2026-05-08,2026-06-07,2026-06-11
FC2026060021,Dupont Materiaux,24418.79,2026-06-28,2026-07-28,2026-07-31
FC2026070022,Dupont Materiaux,21692.51,2026-07-13,2026-08-12,2026-08-16
FC2026080023,Dupont Materiaux,19773.52,2026-08-27,2026-09-26,
FC2026090024,Dupont Materiaux,23123.16,2026-09-12,2026-10-12,
FC2025100025,SARL Lefevre Equipements,15491.09,2025-10-23,2025-12-07,2025-12-15
FC2025110026,SARL Lefevre Equipements,13485.31,2025-11-06,2025-12-21,2025-12-31
FC2025120027,SARL Lefevre Equipements,17202.86,2025-12-13,2026-01-27,2026-02-07
FC2026010028,SARL Lefevre Equipements,15830.76,2026-01-21,2026-03-07,2026-03-17
FC2026020029,SARL Lefevre Equipements,13780.72,2026-02-27,2026-04-13,2026-04-20
FC2026030030,SARL Lefevre Equipements,14555.24,2026-03-02,2026-04-16,2026-04-28
FC2026040031,SARL Lefevre Equipements,16859.11,2026-04-03,2026-05-18,2026-05-28
FC2026050032,SARL Lefevre Equipements,13706.82,2026-05-19,2026-07-03,2026-07-15
FC2026060033,SARL Lefevre Equipements,16731.07,2026-06-16,2026-07-31,2026-08-13
FC2026070034,SARL Lefevre Equipements,13392.92,2026-07-21,2026-09-04,2026-09-18
FC2026080035,SARL Lefevre Equipements,16102.45,2026-08-05,2026-09-19,
FC2026090036,SARL Lefevre Equipements,16111.56,2026-09-18,2026-11-02,
FC2025100037,Groupe Charpentier,11503.19,2025-10-14,2025-11-13,2025-11-21
FC2025110038,Groupe Charpentier,10527.27,2025-11-05,2025-12-05,2025-12-14
FC2025120039,Groupe Charpentier,10750.23,2025-12-02,2026-01-01,2026-01-04
FC2026010040,Groupe Charpentier,12347.07,2026-01-06,2026-02-05,2026-02-13
FC2026020041,Groupe Charpentier,12345.20,2026-02-13,2026-03-15,2026-03-23
FC2026030042,Groupe Charpentier,13695.88,2026-03-15,2026-04-14,2026-04-20
FC2026040043,Groupe Charpentier,12649.02,2026-04-28,2026-05-28,2026-05-30
FC2026050044,Groupe Charpentier,12966.96,2026-05-04,2026-06-03,2026-06-09
FC2026060045,Groupe Charpentier,11256.60,2026-06-11,2026-07-11,2026-07-14
FC2026070046,Groupe Charpentier,10211.68,2026-07-06,2026-08-05,2026-08-14
FC2026080047,Groupe Charpentier,13698.80,2026-08-24,2026-09-23,
FC2026090048,Groupe Charpentier,12027.65,2026-09-25,2026-10-25,
FC2025100049,Bernard Fils,9922.51,2025-10-04,2025-11-03,2025-11-11
FC2025110050,Bernard Fils,8062.67,2025-11-17,2025-12-17,2025-12-24
FC2025120051,Bernard Fils,9106.32,2025-12-25,2026-01-24,2026-01-30
FC2026010052,Bernard Fils,9267.15,2026-01-25,2026-02-24,2026-02-28
FC2026020053,Bernard Fils,7952.04,2026-02-16,2026-03-18,2026-03-22
FC2026030054,Bernard Fils,8296.52,2026-03-12,2026-04-11,2026-04-19
FC2026040055,Bernard Fils,7881.26,2026-04-08,2026-05-08,2026-05-13
FC2026050056,Bernard Fils,10290.56,2026-05-16,2026-06-15,2026-06-20
FC2026060057,Bernard Fils,7996.66,2026-06-18,2026-07-18,2026-07-24
FC2026070058,Bernard Fils,8365.65,2026-07-16,2026-08-15,2026-08-21
FC2026080059,Bernard Fils,10253.78,2026-08-28,2026-09-27,
FC2026090060,Bernard Fils,9574.96,2026-09-18,2026-10-18,
FC2025100061,Distri Ouest,15702.88,2025-10-13,2025-11-12,2025-11-16
FC2025110062,Distri Ouest,14180.82,2025-11-17,2025-12-17,2025-12-23
FC2025120063,Distri Ouest,15222.81,2025-12-08,2026-01-07,2026-01-07
FC2026010064,Distri Ouest,16424.51,2026-01-19,2026-02-18,2026-02-20
FC2026020065,Distri Ouest,16997.64,2026-02-01,2026-03-03,2026-03-03
FC2026030066,Distri Ouest,13923.52,2026-03-02,2026-04-01,2026-04-03
FC2026040067,Distri Ouest,13940.12,2026-04-02,2026-05-02,2026-05-06
FC2026050068,Distri Ouest,16811.09,2026-05-08,2026-06-07,2026-06-10
FC2026060069,Distri Ouest,17072.09,2026-06-07,2026-07-07,2026-07-08
FC2026070070,Distri Ouest,14766.39,2026-07-29,2026-08-28,2026-09-03
FC2026080071,Distri Ouest,14513.97,2026-08-16,2026-09-15,2026-09-20
FC2026090072,Distri Ouest,15300.63,2026-09-04,2026-10-04,
FC2025100073,Petit & Cie,6654.91,2025-10-14,2025-11-13,2025-12-02
FC2025110074,Petit & Cie,5209.10,2025-11-02,2025-12-02,2025-12-15
FC2025120075,Petit & Cie,6541.07,2025-12-24,2026-01-23,2026-02-09
FC2026010076,Petit & Cie,5444.86,2026-01-04,2026-02-03,2026-02-18
FC2026020077,Petit & Cie,5352.33,2026-02-18,2026-03-20,2026-04-08
FC2026030078,Petit & Cie,5932.73,2026-03-06,2026-04-05,2026-04-21
FC2026040079,Petit & Cie,5897.64,2026-04-28,2026-05-28,2026-06-10
FC2026050080,Petit & Cie,5191.06,2026-05-28,2026-06-27,2026-07-10
FC2026060081,Petit & Cie,6844.19,2026-06-18,2026-07-18,2026-07-30
FC2026070082,Petit & Cie,5399.36,2026-07-30,2026-08-29,2026-09-13
FC2026080083,Petit & Cie,5484.75,2026-08-16,2026-09-15,
FC2026090084,Petit & Cie,5396.35,2026-09-13,2026-10-13,
FC2025100085,Techno Bat,7436.49,2025-10-01,2025-10-31,2025-11-08
FC2025120086,Techno Bat,7484.60,2025-12-26,2026-01-25,2026-02-03
FC2026020087,Techno Bat,7171.51,2026-02-23,2026-03-25,2026-04-03
FC2026040088,Techno Bat,9124.90,2026-04-10,2026-05-10,2026-05-15
FC2026060089,Techno Bat,8595.14,2026-06-19,2026-07-19,2026-07-21
FC2026080090,Techno Bat,8202.03,2026-08-02,2026-09-01,2026-09-03
FC2025100091,Marchand Freres,9537.70,2025-10-17,2025-11-16,2025-11-19
FC2025110092,Marchand Freres,12159.43,2025-11-17,2025-12-17,2025-12-19
FC2025120093,Marchand Freres,11578.20,2025-12-03,2026-01-02,2026-01-04
FC2026010094,Marchand Freres,9745.63,2026-01-08,2026-02-07,2026-02-14
FC2026020095,Marchand Freres,11260.43,2026-02-19,2026-03-21,2026-03-25
FC2026030096,Marchand Freres,10733.44,2026-03-02,2026-04-01,2026-04-03
FC2026040097,Marchand Freres,12434.53,2026-04-19,2026-05-19,2026-05-25
FC2026050098,Marchand Freres,10137.66,2026-05-07,2026-06-06,2026-06-12
FC2026060099,Marchand Freres,11566.58,2026-06-13,2026-07-13,2026-07-16
FC2026070100,Marchand Freres,10393.38,2026-07-10,2026-08-09,2026-08-17
FC2026080101,Marchand Freres,9380.74,2026-08-25,2026-09-24,2026-09-26
FC2026090102,Marchand Freres,9591.76,2026-09-20,2026-10-20,
FC2025100103,Rousseau Negoce,6228.16,2025-10-07,2025-11-06,2025-11-27
FC2025110104,Rousseau Negoce,7796.47,2025-11-12,2025-12-12,2025-12-30
FC2025120105,Rousseau Negoce,6281.27,2025-12-12,2026-01-11,2026-02-01
FC2026010106,Rousseau Negoce,7234.52,2026-01-27,2026-02-26,2026-03-19
FC2026020107,Rousseau Negoce,7352.51,2026-02-26,2026-03-28,2026-04-14
FC2026030108,Rousseau Negoce,7906.69,2026-03-18,2026-04-17,2026-05-08
FC2026040109,Rousseau Negoce,6505.38,2026-04-04,2026-05-04,2026-05-23
FC2026050110,Rousseau Negoce,7509.08,2026-05-29,2026-06-28,2026-07-16
FC2026060111,Rousseau Negoce,6541.69,2026-06-05,2026-07-05,2026-07-26
FC2026070112,Rousseau Negoce,6377.55,2026-07-07,2026-08-06,2026-08-28
FC2026080113,Rousseau Negoce,7011.36,2026-08-21,2026-09-20,
FC2026090114,Rousseau Negoce,6143.83,2026-09-09,2026-10-09,
FC2025100115,Alpha Fournitures,4316.13,2025-10-14,2025-11-13,2025-11-20
FC2025110116,Alpha Fournitures,5205.67,2025-11-11,2025-12-11,2025-12-16
FC2025120117,Alpha Fournitures,5361.85,2025-12-09,2026-01-08,2026-01-13
FC2026010118,Alpha Fournitures,5091.36,2026-01-18,2026-02-17,2026-02-26
FC2026020119,Alpha Fournitures,5667.58,2026-02-04,2026-03-06,2026-03-10
FC2026030120,Alpha Fournitures,5068.39,2026-03-23,2026-04-22,2026-04-27
FC2026040121,Alpha Fournitures,5123.76,2026-04-27,2026-05-27,2026-06-04
FC2026050122,Alpha Fournitures,4441.17,2026-05-05,2026-06-04,2026-06-13
FC2026060123,Alpha Fournitures,5598.47,2026-06-10,2026-07-10,2026-07-18
FC2026070124,Alpha Fournitures,5598.39,2026-07-26,2026-08-25,2026-08-28
FC2026080125,Alpha Fournitures,5250.40,2026-08-07,2026-09-06,2026-09-12
FC2026090126,Alpha Fournitures,5710.76,2026-09-12,2026-10-12,
FC2025100127,Nord Equipement,10713.43,2025-10-24,2025-11-23,2025-11-30
FC2025110128,Nord Equipement,10857.19,2025-11-08,2025-12-08,2025-12-15
FC2025120129,Nord Equipement,10587.04,2025-12-26,2026-01-25,2026-02-01
FC2026010130,Nord Equipement,10174.21,2026-01-01,2026-01-31,2026-02-07
FC2026020131,Nord Equipement,10361.37,2026-02-11,2026-03-13,2026-03-24
FC2026030132,Nord Equipement,8835.40,2026-03-28,2026-04-27,2026-05-05
FC2026040133,Nord Equipement,9165.24,2026-04-26,2026-05-26,2026-06-01
FC2026050134,Nord Equipement,8708.94,2026-05-02,2026-06-01,2026-06-13
FC2026060135,Nord Equipement,9071.53,2026-06-27,2026-07-27,2026-08-08
FC2026070136,Nord Equipement,8710.33,2026-07-27,2026-08-26,2026-09-03
FC2026080137,Nord Equipement,9210.63,2026-08-22,2026-09-21,
FC2026090138,Nord Equipement,10830.63,2026-09-09,2026-10-09,
FC2025100139,Central Bricolage,3425.03,2025-10-05,2025-11-04,2025-11-12
FC2025100140,Central Bricolage,3678.26,2025-10-27,2025-11-26,2025-12-03
FC2025110141,Central Bricolage,2936.60,2025-11-02,2025-12-02,2025-12-08
FC2025110142,Central Bricolage,2799.80,2025-11-30,2025-12-30,2026-01-05
FC2025120143,Central Bricolage,3472.83,2025-12-10,2026-01-09,2026-01-16
FC2025120144,Central Bricolage,3187.98,2025-12-29,2026-01-28,2026-02-04
FC2026010145,Central Bricolage,3639.52,2026-01-09,2026-02-08,2026-02-16
FC2026010146,Central Bricolage,3010.85,2026-01-19,2026-02-18,2026-02-23
FC2026020147,Central Bricolage,3269.42,2026-02-12,2026-03-14,2026-03-16
FC2026020148,Central Bricolage,3117.62,2026-02-21,2026-03-23,2026-03-28
FC2026030149,Central Bricolage,3409.30,2026-03-02,2026-04-01,2026-04-08
FC2026030150,Central Bricolage,3464.26,2026-03-26,2026-04-25,2026-04-28
FC2026040151,Central Bricolage,3412.72,2026-04-05,2026-05-05,2026-05-11
FC2026040152,Central Bricolage,3154.84,2026-04-24,2026-05-24,2026-05-31
FC2026050153,Central Bricolage,3172.44,2026-05-05,2026-06-04,2026-06-09
FC2026050154,Central Bricolage,3422.88,2026-05-20,2026-06-19,2026-06-27
FC2026060155,Central Bricolage,3158.42,2026-06-15,2026-07-15,2026-07-21
FC2026060156,Central Bricolage,3058.78,2026-06-18,2026-07-18,2026-07-20
FC2026070157,Central Bricolage,3215.86,2026-07-04,2026-08-03,2026-08-10
FC2026070158,Central Bricolage,3421.24,2026-07-29,2026-08-28,2026-09-06
FC2026080159,Central Bricolage,3404.88,2026-08-09,2026-09-08,2026-09-12
FC2026080160,Central Bricolage,3265.07,2026-08-31,2026-09-30,
FC2026090161,Central Bricolage,2853.55,2026-09-11,2026-10-11,
FC2026090162,Central Bricolage,3418.48,2026-09-23,2026-10-23,
FC2025100163,Vallee Distribution,3576.82,2025-10-08,2025-11-07,2025-11-17
FC2025110164,Vallee Distribution,4580.72,2025-11-02,2025-12-02,2025-12-12
FC2025120165,Vallee Distribution,3946.50,2025-12-20,2026-01-19,2026-01-27
FC2026010166,Vallee Distribution,4262.02,2026-01-29,2026-02-28,2026-03-10
FC2026020167,Vallee Distribution,3879.58,2026-02-13,2026-03-15,2026-03-29
FC2026030168,Vallee Distribution,4471.19,2026-03-05,2026-04-04,2026-04-11
FC2026040169,Vallee Distribution,4334.10,2026-04-28,2026-05-28,2026-06-05
FC2026050170,Vallee Distribution,4364.93,2026-05-08,2026-06-07,2026-06-16
FC2026060171,Vallee Distribution,3460.26,2026-06-23,2026-07-23,2026-08-06
FC2026070172,Vallee Distribution,3947.75,2026-07-08,2026-08-07,2026-08-15
FC2026080173,Vallee Distribution,4201.09,2026-08-26,2026-09-25,
FC2026090174,Vallee Distribution,4540.05,2026-09-18,2026-10-18,
